mutation,tenure,population,time,cost
1,10000,100,4826.93642642301,1994
1,100000,100,4906.967400118549,1621
1,250000,100,4827.47789868786,1842
