mutation,population,time,cost
1,100,4781.000826,1866
1,500,20238.01328,49703
1,1000,40185.64706,179522
2,100,3743.660203,1883
2,500,14007.43266,48430
2,1000,28046.13442,178715
